{
  "project_info": {
    "project_number": "115541712407",
    "firebase_url": "https://gsapro-3901a-default-rtdb.firebaseio.com",
    "project_id": "gsapro-3901a",
    "storage_bucket": "gsapro-3901a.appspot.com"
  },
  "client": [
    {
      "client_info": {
        "mobilesdk_app_id": "1:115541712407:android:4782fca8c4772c67bf0652",
        "android_client_info": {
          "package_name": "com.example.gsapro"
        }
      },
      "oauth_client": [],
      "api_key": [
        {
          "current_key": "AIzaSyBzrOqeBJDrVScjm5OVyeqOKAKq18R7WEk"
        }
      ],
      "services": {
        "appinvite_service": {
          "other_platform_oauth_client": []
        }
      }
    }
  ],
  "configuration_version": "1"
}